{"Afghanistan": [67.709953, 33.93911], "Albania": [20.1683, 41.1533], "Algeria": [1.6596, 28.0339], "Andorra": [1.5218, 42.5063], "Angola": [17.8739, -11.2027], "Antigua and Barbuda": [-61.7964, 17.0608], "Argentina": [-63.6167, -38.4161], "Armenia": [45.0382, 40.0691], "Australian Capital Territory": [149.0124, -35.4735], "New South Wales": [151.2093, -33.8688], "Northern Territory": [130.8456, -12.4634], "Queensland": [153.0251, -27.4698], "South Australia": [138.6007, -34.9285], "Tasmania": [147.3272, -42.8821], "Victoria": [144.9631, -37.8136], "Western Australia": [115.8605, -31.9505], "Austria": [14.5501, 47.5162], "Azerbaijan": [47.5769, 40.1431], "Bahamas": [-78.035889, 25.025885], "Bahrain": [50.55, 26.0275], "Bangladesh": [90.3563, 23.685], "Barbados": [-59.5432, 13.1939], "Belarus": [27.9534, 53.7098], "Belgium": [4.469936, 50.8333], "Belize": [-88.4976, 17.1899], "Benin": [2.3158, 9.3077], "Bhutan": [90.4336, 27.5142], "Bolivia": [-63.5887, -16.2902], "Bosnia and Herzegovina": [17.6791, 43.9159], "Botswana": [24.6849, -22.3285], "Brazil": [-51.9253, -14.235], "Brunei": [114.7277, 4.5353], "Bulgaria": [25.4858, 42.7339], "Burkina Faso": [-1.5616, 12.2383], "Burma": [95.956, 21.9162], "Burundi": [29.9189, -3.3731], "Cabo Verde": [-23.0418, 16.5388], "Cambodia": [104.9167, 11.55], "Cameroon": [11.5021, 3.848], "Alberta": [-116.5765, 53.9333], "British Columbia": [-127.6476, 53.7267], "Diamond Princess": [0.0, 0.0], "Grand Princess": [0.0, 0.0], "Manitoba": [-98.8139, 53.7609], "New Brunswick": [-66.4619, 46.5653], "Newfoundland and Labrador": [-57.6604, 53.1355], "Northwest Territories": [-124.8457, 64.8255], "Nova Scotia": [-63.7443, 44.682], "Ontario": [-85.3232, 51.2538], "Prince Edward Island": [-63.4168, 46.5107], "Quebec": [-73.5491, 52.9399], "Saskatchewan": [-106.4509, 52.9399], "Yukon": [-135.0, 64.2823], "Central African Republic": [20.9394, 6.6111], "Chad": [18.7322, 15.4542], "Chile": [-71.543, -35.6751], "Anhui": [117.2264, 31.8257], "Beijing": [116.4142, 40.1824], "Chongqing": [107.874, 30.0572], "Fujian": [117.9874, 26.0789], "Gansu": [104.2861, 35.7518], "Guangdong": [113.4244, 23.3417], "Guangxi": [108.7881, 23.8298], "Guizhou": [106.8748, 26.8154], "Hainan": [109.7453, 19.1959], "Hebei": [116.1306, 39.549], "Heilongjiang": [127.7615, 47.862], "Henan": [114.9042, 37.8957], "Hong Kong": [114.2, 22.3], "Hubei": [112.2707, 30.9756], "Hunan": [111.7088, 27.6104], "Inner Mongolia": [113.9448, 44.0935], "Jiangsu": [119.455, 32.9711], "Jiangxi": [115.7221, 27.614], "Jilin": [126.1923, 43.6661], "Liaoning": [122.6085, 41.2956], "Macau": [113.55, 22.1667], "Ningxia": [106.1655, 37.2692], "Qinghai": [95.9956, 35.7452], "Shaanxi": [108.8701, 35.1917], "Shandong": [118.1498, 36.3427], "Shanghai": [121.4491, 31.202], "Shanxi": [112.2922, 37.5777], "Sichuan": [102.7103, 30.6171], "Tianjin": [117.323, 39.3054], "Tibet": [88.0924, 31.6927], "Xinjiang": [85.2401, 41.1129], "Yunnan": [101.487, 24.974], "Zhejiang": [120.0934, 29.1832], "Colombia": [-74.2973, 4.5709], "Comoros": [43.3333, -11.6455], "Congo (Brazzaville)": [15.8277, -0.228], "Congo (Kinshasa)": [21.7587, -4.0383], "Costa Rica": [-83.7534, 9.7489], "Cote d'Ivoire": [-5.5471, 7.54], "Croatia": [15.2, 45.1], "Cuba": [-77.78116700000002, 21.521757], "Cyprus": [33.4299, 35.1264], "Czechia": [15.473, 49.8175], "Faroe Islands": [-6.9118, 61.8926], "Greenland": [-42.6043, 71.7069], "Denmark": [9.5018, 56.2639], "Djibouti": [42.5903, 11.8251], "Dominica": [-61.371, 15.415], "Dominican Republic": [-70.1627, 18.7357], "Ecuador": [-78.1834, -1.8312], "Egypt": [30.802498, 26.820553000000004], "El Salvador": [-88.8965, 13.7942], "Equatorial Guinea": [10.2679, 1.6508], "Eritrea": [39.7823, 15.1794], "Estonia": [25.0136, 58.5953], "Eswatini": [31.4659, -26.5225], "Ethiopia": [40.4897, 9.145], "Fiji": [178.065, -17.7134], "Finland": [25.748151, 61.92411], "French Guiana": [-53.1258, 3.9339], "French Polynesia": [149.4068, -17.6797], "Guadeloupe": [-61.551, 16.265], "Martinique": [-61.0242, 14.6415], "Mayotte": [45.166244, -12.8275], "New Caledonia": [165.618042, -20.904305], "Reunion": [55.5364, -21.1151], "Saint Barthelemy": [-62.8333, 17.9], "Saint Pierre and Miquelon": [-56.3159, 46.8852], "St Martin": [-63.0501, 18.0708], "France": [2.2137, 46.2276], "Gabon": [11.6094, -0.8037], "Gambia": [-15.3101, 13.4432], "Georgia": [43.3569, 42.3154], "Germany": [10.451526, 51.165691], "Ghana": [-1.0232, 7.9465], "Greece": [21.8243, 39.0742], "Grenada": [-61.679, 12.1165], "Guatemala": [-90.2308, 15.7835], "Guinea": [-9.6966, 9.9456], "Guinea-Bissau": [-15.1804, 11.8037], "Guyana": [-58.93018000000001, 4.860416000000002], "Haiti": [-72.2852, 18.9712], "Holy See": [12.4534, 41.9029], "Honduras": [-86.2419, 15.2], "Hungary": [19.5033, 47.1625], "Iceland": [-19.0208, 64.9631], "India": [78.96288, 20.593684], "Indonesia": [113.9213, -0.7893], "Iran": [53.68804599999999, 32.427908], "Iraq": [43.679291, 33.223191], "Ireland": [-7.6921, 53.1424], "Israel": [34.851612, 31.046051], "Italy": [12.56738, 41.87194], "Jamaica": [-77.2975, 18.1096], "Japan": [138.252924, 36.204824], "Jordan": [36.51, 31.24], "Kazakhstan": [66.9237, 48.0196], "Kenya": [37.9062, -0.0236], "Korea, South": [127.766922, 35.90775700000001], "Kosovo": [20.902977, 42.602636], "Kuwait": [47.481766, 29.31166], "Kyrgyzstan": [74.766098, 41.20438], "Laos": [102.495496, 19.85627], "Latvia": [24.6032, 56.8796], "Lebanon": [35.8623, 33.8547], "Lesotho": [28.2336, -29.61], "Liberia": [-9.429499, 6.4280550000000005], "Libya": [17.228331, 26.3351], "Liechtenstein": [9.55, 47.14], "Lithuania": [23.8813, 55.1694], "Luxembourg": [6.1296, 49.8153], "MS Zaandam": [0.0, 0.0], "Madagascar": [46.869107, -18.766947], "Malawi": [34.3015, -13.2543], "Malaysia": [101.975766, 4.210483999999999], "Maldives": [73.2207, 3.2028], "Mali": [-3.996166000000001, 17.570692], "Malta": [14.3754, 35.9375], "Mauritania": [-10.9408, 21.0079], "Mauritius": [57.552152, -20.348404], "Mexico": [-102.5528, 23.6345], "Moldova": [28.3699, 47.4116], "Monaco": [7.4167, 43.7333], "Mongolia": [103.8467, 46.8625], "Montenegro": [19.37439, 42.708678000000006], "Morocco": [-7.0926, 31.7917], "Mozambique": [35.529562, -18.665695], "Namibia": [18.4904, -22.9576], "Nepal": [84.25, 28.1667], "Aruba": [-69.9683, 12.5211], "Bonaire, Sint Eustatius and Saba": [-68.2385, 12.1784], "Curacao": [-68.99, 12.1696], "Sint Maarten": [-63.0548, 18.0425], "Netherlands": [5.2913, 52.1326], "New Zealand": [174.886, -40.9006], "Nicaragua": [-85.207229, 12.865416], "Niger": [8.081666, 17.607789], "Nigeria": [8.6753, 9.082], "North Macedonia": [21.7453, 41.6086], "Norway": [8.4689, 60.472], "Oman": [55.92325500000001, 21.512583], "Pakistan": [69.3451, 30.3753], "Panama": [-80.7821, 8.538], "Papua New Guinea": [143.95555, -6.314993], "Paraguay": [-58.4438, -23.4425], "Peru": [-75.0152, -9.19], "Philippines": [121.774017, 12.879721], "Poland": [19.1451, 51.9194], "Portugal": [-8.2245, 39.3999], "Qatar": [51.1839, 25.3548], "Romania": [24.9668, 45.9432], "Russia": [105.318756, 61.52401], "Rwanda": [29.8739, -1.9403], "Saint Kitts and Nevis": [-62.782998, 17.357822], "Saint Lucia": [-60.9789, 13.9094], "Saint Vincent and the Grenadines": [-61.2872, 12.9843], "San Marino": [12.4578, 43.9424], "Sao Tome and Principe": [6.6131, 0.1864], "Saudi Arabia": [45.079162, 23.885942], "Senegal": [-14.4524, 14.4974], "Serbia": [21.0059, 44.0165], "Seychelles": [55.492, -4.6796], "Sierra Leone": [-11.779889, 8.460555000000001], "Singapore": [103.8333, 1.2833], "Slovakia": [19.699, 48.669], "Slovenia": [14.9955, 46.1512], "Somalia": [46.199616, 5.152149], "South Africa": [22.9375, -30.5595], "South Sudan": [31.307, 6.877000000000002], "Spain": [-3.74922, 40.463667], "Sri Lanka": [80.77179699999998, 7.873054], "Sudan": [30.2176, 12.8628], "Suriname": [-56.0278, 3.9193], "Sweden": [18.643501, 60.128161], "Switzerland": [8.2275, 46.8182], "Syria": [38.99681500000001, 34.802075], "Taiwan*": [121.0, 23.7],